499,cord
498,fullest
497,taxer
496,hooks
495,prose
494,comers
493,equally
492,roomer
491,ranger
490,icing
480,crack
481,notes
482,slept
483,lively
484,current
485,nightly
486,house
487,easts
488,seen
489,blower
982,ending
983,biters
984,starter
985,hung
986,memony
987,undoes
988,stick
989,grainer
990,enough
991,kind
992,july
993,ironed
994,thins
995,thing
996,network
997,royals
998,burner
999,worder
1000,wised
1001,comes
1002,zoology
1003,necked
1004,feather
1005,taxi
1006,toed
1007,simpler
1008,ills
1009,browned
1010,very
1011,loudly
1012,white
1013,seed
1014,nartual
1468,kicks
1469,first
1470,flies
1471,tilling
1472,hanger
1473,jump
1474,rested
1475,ices
1476,slow
1477,smoking
1478,knotted
1479,queenly
1480,rain
1481,care
1482,verse
1483,tastes
1484,junes
1485,unarmed
1486,anyhow
1487,burn
1488,slip
1489,ending
1490,landers
1491,fours
1492,drinks
1493,been
1494,operas
1495,whipped
1496,bagged
1497,rooting
1498,lows
1499,fish
1500,jumpers
1501,bent
1502,acting
1503,mouth
1504,roller
1505,wool
1506,voicer
1507,throat
1508,checked
1509,signers
1510,bones
1511,winged
1512,stopper
1513,rays
1514,wools
1515,dresses
1516,unhoped
1517,drinker
1518,stated
1519,pianos
1520,great
1521,hooking
1522,house
1523,afters
1524,smells
1525,twelve
1526,Friday
1527,seem
1528,landers
1529,hooker
1530,egged
