0,grained
1,smile
2,sponge
3,coldest
4,select
5,fish
6,bulb
7,puts
8,hards
9,placing
10,unlike
11,brassy
12,hourly
13,princes
14,times
15,zebra
16,roofing
17,meals
18,sixteen
19,former
20,roughed
21,seen
22,ones
23,floor
24,nailers
25,stones
26,shaking
27,papered
28,chain
29,oiled
30,boarder
31,oils
32,netting
33,firer
34,mists
35,foot
36,checks
37,whites
38,last
39,catarrh
40,coals
41,taxis
42,necks
43,lively
44,wets
45,fliers
46,miner
47,tilled
48,playing
49,sundays
50,smiles
51,love
52,feeble
53,system
54,dark
55,tail
56,indoor
57,fires
58,idea
59,whiting
60,angler
61,welled
62,news
63,footed
64,servant
65,among
66,sign
67,moves
68,burn
69,built
70,tireder
71,stiffly
72,broke
73,floored
74,squared
75,grays
76,uptakes
77,select
78,sands
79,there
80,takes
81,park
82,roomer
83,airings
84,coat
85,snake
86,teas
87,fully
88,blow
89,rhythms
90,worder
91,balled
92,said
93,babied
94,hardly
95,lost
96,patents
97,unlike
98,slip
99,deeper
100,tonight
101,rooler
102,silver
103,acidly
104,breath
105,gold
106,wetting
107,browner
108,hours
109,mover
110,ticket
111,food
112,iron
113,time
114,that
115,movers
116,fats
117,rods
118,newest
119,knifed
120,root
121,opener
122,graying
123,deepen
124,laws
125,teacher
126,dogs
127,miner
128,whites
129,train
130,sticker
131,sevens
132,mouths
133,here
134,drop
135,gassed
136,poison
137,bagged
138,inching
139,stitch
140,cat
141,chancer
142,basics
143,drives
144,than
145,rodder
146,voicing
147,cups
148,actor
149,paged
150,airs
151,dryers
152,jazzed
153,flew
154,west
155,side
156,wrongly
157,warred
158,boubts
159,desires
160,bled
161,arch
162,plowing
163,rayed
164,says
165,lists
166,root
167,zero
168,cover
169,meters
170,needles
171,decimal
172,ices
173,lastly
174,kettles
175,mover
176,very
177,icily
178,undoing
179,stores
180,necker
190,reacted
183,heres
183,error
184,violins
185,sugar
186,text
187,milking
188,left
189,level
190,quiet
191,threads
192,fired
193,islands
194,needs
195,clocker
196,poster
197,cover
198,adding
199,boners
200,runs
201,boiled
202,units
203,maps
204,beeing
205,chief
206,dollar
207,designs
208,makes
209,sharper
210,look
211,jeweled
212,jellies
213,motions
214,news
215,skys
216,oils
217,glassed
218,view
219,boners
220,doer
221,pointer
222,stop
223,seats
224,cutting
225,fall
226,corked
227,coaters
228,color
229,whoever
230,roundly
231,hour
232,driver
233,purrs
234,boiling
235,towner
236,whell
237,lockers
238,volt
239,profits
240,blooded
241,offer
242,falls
243,warmly
244,sign
245,knife
246,wheres
247,queenly
248,scaled
249,field
250,love
251,group
252,wind
253,jazz
254,week
255,purr
256,grams
257,toasts
258,town
259,heats
260,rain
261,baby
262,angry
263,sadly
264,waster
265,younger
266,future
267,green
268,baby
269,firer
270,combs
271,freest
272,month
273,slow
274,army
275,spoons
276,grain
277,tiredly
278,sides
279,lining
280,eggs
281,town
282,bloods
283,greens
284,duster
285,having
286,faces
287,yessing
288,throats
289,stiller
291,steeler
292,leaded
293,righter
294,rubs
295,earth
296,willing
297,booked
298,evenly
299,booking
300,user
301,fights
302,common
303,limiter
304,suggest
305,kicks
306,inferno
307,sails
308,wirer
309,ruler
310,waved
311,amounts
312,rest
313,park
314,horn
315,blown
316,size
317,stills
318,numbers
319,users
320,dirties
321,darkly
322,taller
323,gripped
324,hats
325,overs
326,hard
327,wording
328,yellows
329,pulls
330,dear
331,senders
332,reactor
333,caking
334,amusing
335,wormers
336,cards
337,twos
338,looked
339,spring
340,stiffs
341,growing
342,awaker
343,deaths
344,balls
345,small
346,buses
347,cats
348,ring
349,good
350,plays
351,toppers
352,pager
353,backs
354,lawing
355,milk
356,sender
357,corker
358,zoology
359,pianos
360,bases
361,natural
362,museum
363,hookers
364,sorts
365,haters
366,talkers
367,bitten
368,storied
369,firemen
370,musicly
371,julys
372,running
373,plows
374,fixings
375,rice
376,fiver
377,part
378,sharp
379,cards
380,cook
381,happily
382,sayings
383,freer
384,stepper
385,waxing
386,rats
387,liker
388,pusher
389,clouded
390,rooming
391,protest
392,horner
393,fixes
394,watches
395,buzzer
396,tending
397,bridger
399,farmers
400,after
401,kilo
402,runs
403,shade
404,madam
405,kingly
406,nobody
407,future
408,necking
409,massed
410,police
411,farm
412,bathers
413,train
414,roofs
415,turn
416,kinds
417,shorts
418,tray
419,rails
420,dogs
421,unfix
422,base
423,stitch
424,berry
425,horsing
426,spacing
427,spaces
428,parker
429,rooms
430,spaced
431,talk
432,buckets
433,town
434,legs
435,brassy
436,edge
437,well
438,late
439,pull
440,grower
441,paintr
442,soft
443,jellied
444,viewer
445,tighten
446,kicks
447,eyes
448,full
449,rice
450,gram
451,tired
452,ices
453,parker
454,ever
455,unfixed
456,uncork
457,lows
458,rater
459,waiter
460,medical
461,dirtily
462,hoping
463,board
464,bone
465,towns
466,sixteen
467,sneezes
468,righter
469,food
470,playing
471,slip
472,spades
473,willing
474,liked
475,topped
476,unbar
477,time
478,olds
479,cards
500,copiers
501,tonight
502,sharpen
503,gloves
504,fowl
505,heat
506,rails
507,memory
508,rated
509,tines
510,zoos
511,tiller
512,played
513,widener
514,longing
515,taller
516,lock
517,kingly
518,tables
519,unseen
520,chested
521,trouble
522,sorted
523,inserts
524,line
525,abler
526,angled
527,reward
528,door
529,footman
530,said
531,coated
532,effect
533,weekend
534,plow
535,deadly
536,seating
537,black
538,golder
539,staged
540,form
541,hair
542,stop
543,islands
544,help
545,madical
546,albania
547,ballet
548,cruel
549,teaed
550,ankle
551,quickly
552,potato
553,ender
554,light
555,steels
556,baths
557,plated
558,that
559,sexed
560,eveners
561,cord
562,kiss
563,highs
564,tall
565,sixes
566,head
567,bridges
568,sported
569,marks
570,matched
571,chains
572,folders
573,sticks
574,meet
575,rightly
576,roots
577,sweet
578,need
579,seven
580,trouble
581,root
582,fact
583,idea
584,shocker
585,toeing
586,booking
587,stomach
588,soaping
589,butter
590,watches
591,unlike
592,side
593,them
594,banking
595,bads
596,three
597,cake
598,thought
599,basins
600,jumpers
601,care
602,platter
603,leftest
604,limits
605,rays
606,hatter
607,goers
608,fives
609,past
610,woolen
611,flamer
612,stiller
613,shamed
614,loved
615,keep
616,jumper
617,sudden
618,slips
619,near
620,butter
621,seemly
622,teas
623,fifth
624,pipes
625,unpin
626,truly
627,circler
628,hearer
629,weeks
630,smile
631,cycle
632,hole
633,sock
634,middles
635,meet
636,boys
637,cracked
638,observe
639,woods
640,nets
641,seed
642,pulling
643,shirt
644,sail
645,soaps
646,facer
647,snows
648,neck
649,yard
650,network
651,salvers
652,tired
653,dead
654,airing
655,valuer
656,react
657,dryly
658,food
659,theater
660,fight
661,necks
662,olds
663,foor
664,riced
665,bath
666,rats
667,edger
668,banger
669,heats
670,euros
671,stamp
672,unsafe
673,animals
674,look
675,cared
676,turns
677,gold
678,such
679,mixing
680,freed
681,rubs
682,marks
683,chiefs
684,tired
685,flower
686,redly
687,plays
688,taker
689,liker
690,circles
691,paging
692,does
693,keeper
694,seemed
695,said
696,talked
697,week
698,theater
699,teeth
700,seen
701,desire
702,across
703,walk
704,edges
705,enough
706,crusher
707,they
708,overs
709,darker
710,omelet
711,worming
712,angler
713,carted
714,volt
715,abled
716,milker
717,sounds
718,liquids
719,nerve
720,rolling
721,rain
722,lost
723,snows
724,washed
725,talkers
726,plays
727,shortly
728,jeweler
729,manly
730,edger
731,sticker
732,amused
733,bank
734,criers
735,news
736,purpose
737,bloods
738,doubt
739,goes
740,steamed
741,swimmer
742,basely
743,check
744,wetting
745,flys
746,wines
747,arch
748,pasts
749,feet
750,sander
751,after
752,flys
753,turning
754,safe
755,rubs
756,adder
757,waxer
758,acidly
759,sleeps
760,tray
761,eyeball
762,stone
763,raters
764,queened
765,netted
766,potted
767,picture
768,mists
769,nosed
770,yards
771,smiles
772,kiss
773,soups
774,shorter
775,printed
776,ricing
777,they
778,euro
779,sirs
780,waterer
781,sider
782,farer
783,rubs
784,outed
785,acidly
786,week
787,dirties
788,opener
789,onto
790,crimes
791,marks
792,word
793,circler
794,neck
795,credit
796,instep
797,cares
798,eleven
799,angrily
800,waiter
801,ended
802,fruits
803,lift
804,cover
805,violins
806,park
807,body
808,design
809,viewed
810,rest
811,coverer
812,grain
813,linen
814,roughs
815,overuse
816,lock
817,back
818,housing
819,shaming
820,piano
821,post
822,cart
823,lasted
824,sloping
825,bars
826,coaters
827,purr
828,taxi
829,sorter
830,twice
831,sames
832,thicks
833,buzzer
834,manlier
835,simple
836,inlet
837,friend
838,redly
839,spaced
840,wire
841,airman
842,potash
843,drop
844,nets
845,knifed
846,mixer
847,sees
848,caused
849,harmony
850,listing
851,armed
852,meters
853,sorters
854,lava
855,eggs
856,control
857,fisher
858,bottler
859,harbor
860,piano
861,hards
862,word
863,emailed
864,acted
865,sudden
866,cough
867,matcher
868,fear
869,lands
870,theater
871,knifed
872,unnerve
873,onto
874,rests
875,runs
876,firer
877,sirs
878,bags
879,bone
880,ices
881,opinion
882,chested
883,book
884,bridges
885,fowlers
886,mays
887,ideas
888,pushed
889,pipes
890,kissing
891,able
892,ironers
893,cracks
894,patent
895,banging
896,masses
897,managed
898,rums
899,unbar
900,mother
901,loosen
902,cart
903,forking
904,bricked
905,geology
906,cognacs
907,horn
908,snowing
909,burn
910,waste
911,sized
912,outer
913,dooring
914,clock
915,boil
916,signs
917,fifth
918,cards
919,body
920,fives
921,grayly
922,turner
923,west
924,wisely
925,pains
926,bagger
927,royal
928,gunners
929,deeply
930,rulers
931,givens
932,knee
933,shame
934,resting
935,gunners
936,pots
937,wet
938,yellers
939,waving
940,skinned
941,vravo
942,tooth
943,signed
944,dryly
945,ills
946,pipe
947,million
948,shutter
949,white
950,uncork
951,even
952,signed
953,march
954,talked
955,awoke
956,reader
957,fours
958,TRUE
959,eggs
960,outlet
961,manly
962,exister
963,hygiene
964,drained
965,pastes
966,stager
967,muscles
968,million
969,apple
970,brother
971,united
972,desired
973,landers
974,plant
975,lister
976,taxing
977,rats
978,guided
979,blade
980,cold
981,rolls
1015,whip
1016,inputer
1017,swim
1018,process
1019,lasts
1020,drains
1021,last
1022,shipper
1023,check
1024,waves
1025,sli
1026,chances
1027,lows
1028,leveled
1029,ender
1030,solider
1031,sign
1032,boners
1033,forward
1034,muscled
1035,olds
1036,coming
1037,testing
1038,sails
1039,icily
1040,back
1041,teacher
1042,penguin
1043,cleaner
1044,spades
1045,last
1046,behaved
1047,edged
1048,sons
1049,milks
1050,points
1051,having
1052,jewels
1053,farmer
1054,being
1055,righted
1056,well
1057,fork
1058,wisely
1059,whites
1060,awaken
1061,shirted
1062,coffee
1063,visa
1064,notedly
1065,only
1066,cognac
1067,taste
1068,pointed
1069,leading
1070,floors
1071,through
1072,owners
1073,egging
1074,asilors
1075,dryers
1076,mixing
1077,stoning
1078,fours
1079,feebly
1080,nose
1081,having
1082,chalked
1083,females
1084,minders
1085,losing
1086,shirted
1087,smashes
1088,safe
1089,inker
1090,clears
1091,stretch
1092,falls
1093,flower
1094,things
1095,wine
1096,hairs
1097,turning
1098,cares
1099,bridged
1100,outputs
1101,heading
1102,down
1103,inked
1104,dryer
1105,headed
1106,birthed
1107,view
1108,headers
1109,powered
1110,toed
1111,valuer
1112,sharps
1113,these
1114,shake
1115,nosing
1116,fear
1117,cognac
1118,glovers
1119,cleaner
1120,shirted
1121,come
1122,yessed
1123,railed
1124,turning
1125,forty
1126,errored
1127,oven
1128,doubt
1129,wrong
1130,seed
1131,unread
1132,marches
1133,toast
1134,threads
1135,moves
1136,loudly
1137,xxxxxxxx
1138,flats
1139,rained
1140,traders
1141,size
1142,queen
1143,things
1144,turners
1145,manlier
1146,winters
1147,using
1148,cheaply
1149,taxer
1150,chorus
1151,harmony
1152,cried
1153,deadly
1154,your
1155,rooted
1156,seater
1157,kissing
1158,tinning
1159,blows
1160,bricks
1161,corl
1162,torpedo
1163,darks
1164,worms
1165,wined
1166,arizona
1167,milks
1168,falsest
1169,guided
1170,side
1171,salting
1172,cloth
1173,unclear
1174,facts
1175,women
1176,tricks
1177,darker
1178,causing
1179,armer
1180,socks
1181,silked
1182,waiter
1183,cards
1184,tapioca
1185,april
1186,seen
1187,profit
1188,unlearn
1189,whitely
1190,unlock
1191,steeper
1192,staging
1193,kissing
1194,copier
1195,bathe
1196,thick
1197,unkind
1198,potash
1199,forking
1200,knives
1201,baggers
1202,lift
1203,steamer
1204,wider
1205,good
1206,unhand
1207,page
1208,girls
1209,healthy
1210,black
1211,seed
1212,starter
1213,solider
1214,fatter
1215,embassy
1216,greens
1217,redly
1218,writer
1219,haves
1220,tailing
1221,hards
1222,forks
1223,dirtier
1224,valuer
1225,this
1226,minutes
1227,cups
1228,tire
1229,ours
1230,waners
1231,trues
1232,doing
1233,tickets
1234,starred
1235,necked
1236,widener
1237,willer
1238,barrer
1239,lows
1240,inks
1241,rounder
1242,snowed
1243,railer
1244,insect
1245,gunners
1246,arched
1247,dried
1248,brainer
1249,rounded
1250,falls
1251,giver
1252,formed
1253,seemly
1254,user
1255,onto
1256,judged
1257,booked
1258,judged
1259,mine
1260,used
1261,letter
1262,short
1263,exister
1264,details
1265,lasting
1266,blow
1267,circus
1268,bled
1269,learned
1270,full
1271,banded
1272,socks
1273,skirted
1274,safe
1275,duster
1276,bands
1277,marks
1278,check
1279,wormer
1280,hair
1281,backing
1282,ironed
1283,warmers
1284,warmers
1285,toed
1286,skins
1287,paperer
1288,pager
1289,gardens
1290,nose
1291,open
1292,keying
1293,damager
1294,needer
1295,edges
1296,buzz
1297,said
1298,skys
1299,road
1300,motions
1301,traded
1302,nears
1303,purr
1304,piper
1305,salting
1306,quicker
1307,linens
1308,errors
1309,badly
1310,mouth
1311,deaden
1312,names
1313,goers
1314,pointer
1315,himself
1316,bricks
1317,volt
1318,lowered
1319,bony
1320,movers
1321,pleases
1322,goes
1323,done
1324,enoughs
1325,shared
1326,tired
1327,systems
1328,fear
1329,blue
1330,fridays
1331,basing
1332,stoned
1333,locks
1334,units
1335,ship
1336,hims
1337,thicken
1338,lively
1339,ship
1340,feeler
1341,farming
1342,meal
1343,alls
1344,simply
1345,card
1346,bases
1347,input
1348,lead
1349,paste
1350,talker
1351,patent
1352,baller
1353,warcher
1354,thin
1355,slept
1356,actors
1357,hards
1358,engines
1359,rightly
1360,squares
1361,brother
1362,ratter
1363,solider
1364,talking
1365,chin
1366,minutes
1367,insects
1368,taxes
1369,unlock
1370,opens
1371,polish
1372,fatter
1373,shades
1374,carts
1375,gone
1376,sided
1377,plant
1378,paint
1379,march
1380,details
1381,cries
1382,acts
1383,egged
1384,like
1385,blue
1386,powders
1387,duster
1388,cords
1389,changes
1390,fourth
1391,board
1392,julys
1393,brusts
1394,veing
1395,turned
1396,namely
1397,icily
1398,spoons
1399,current
1400,five
1401,dressed
1402,birth
1403,jazzing
1404,hardly
1405,highs
1406,help
1407,oilers
1408,headway
1409,zoology
1410,clothes
1411,boats
1412,staged
1413,corking
1414,dailies
1415,fourth
1416,overuse
1417,hims
1418,boots
1419,normal
1420,tills
1421,raining
1422,roughs
1423,lining
1424,rums
1425,flights
1426,cutter
1427,emailed
1428,olds
1429,rubbed
1430,booked
1431,slowly
1432,chests
1433,instep
1434,mealy
1435,dried
1436,roofing
1437,east
1438,table
1439,silking
1440,carting
1441,gives
1442,value
1443,simples
1444,fourth
1445,cared
1446,said
1447,owners
1448,wind
1449,male
1450,bather
1451,crushes
1452,cruel
1453,halves
1454,faces
1455,baggers
1456,twist
1457,radios
1458,shipped
1459,daily
1460,caf¨¦
1461,laughs
1462,sailors
1463,gets
1464,rates
1465,timing
1466,barring
1467,copy
1531,drying
1532,wing
1533,poorer
1534,judged
1535,shirt
1536,matches
1537,comer
1538,ironing
1539,trued
1540,trade
1541,beer
1542,cares
1543,dogging
1544,housing
1545,smells
1546,between
1547,fixedly
1548,driest
1549,park
1550,airings
1551,boxes
1552,seas
1553,lighter
1554,quicker
1555,storer
1556,teas
1557,mapper
1558,simply
1559,feeling
1560,freed
1561,shuts
1562,curve
1563,meeter
1564,learned
1565,notes
1566,inlands
1567,ices
1568,metals
1569,fishing
1570,deathly
1571,year
1572,zeroed
1573,zinc
1574,gives
1575,deadly
1576,roughs
1577,chin
1578,mouths
1579,bird
1580,unearth
1581,june
1582,cent
1583,shorted
1584,fives
1585,coat
1586,fields
1587,waited
1588,reds
1589,wiring
1590,toast
1591,masses
1592,event
1593,smashes
1594,cards
1595,comes
1596,ovens
1597,mapping
1598,clocked
1599,rubs
1600,police
1601,skin
1602,heat
1603,sames
1604,beauty
1605,wider
1606,taxers
1607,stamper
1608,loosely
1609,rail
1610,band
1611,lined
1612,teaing
1613,fixedly
1614,salter
1615,handing
1616,massed
1617,eyes
1618,loss
1619,gunner
1620,point
1621,parcels
1622,nail
1623,hands
1624,awoke
1625,trues
1626,stepper
1627,euro
1628,maps
1629,happy
1630,lightly
1631,writer
1632,rooms
1633,playing
1634,newest
1635,overly
1636,only
1637,heres
1638,only
1639,reds
1640,mind
1641,boned
1642,boils
1643,lasting
1644,drops
1645,ices
1646,deader
1647,thread
1648,past
1649,flat
1650,punish
1651,walks
1652,sign
1653,force
1654,news
1655,spade
1656,taxes
1657,forker
1658,toes
1659,pigs
1660,from
1661,read
1662,stage
1663,sock
1664,roomer
1665,calorie
1666,bridger
1667,silver
1668,limited
1669,deaden
1670,credit
1671,buzz
1672,fished
1673,
1674,
1675,
1676,
1677,
1678,
1679,
1680,
1681,
1682,
1683,
1684,
1685,
1686,
1687,
1688,
1689,
1690,
1691,
1692,
1693,
1694,
1695,
1696,
1697,
1698,
1699,
1700,
1701,
1702,
1703,
1704,
1705,
1706,
1707,
1708,
1709,
1710,
1711,
1712,
1713,
1714,
1715,
1716,
1717,
1718,
1719,
1720,
1721,
1722,
1723,
1724,
1725,
1726,
1727,
1728,
1729,
1730,
1731,
1732,
1733,
1734,
1735,
1736,
1737,
1738,
1739,
1740,
1741,
1742,
1743,
1744,
1745,
1746,
1747,
1748,
1749,
1750,
1751,
1752,
1753,
1754,
1755,
1756,
1757,
1758,
1759,
1760,
1761,
1762,
1763,
1764,
1765,
1766,
1767,
1768,
1769,
1770,
1771,
1772,
1773,
1774,
1775,
1776,
1777,
1778,
1779,
1780,
1781,
1782,
1783,
1784,
1785,
1786,
1787,
1788,
1789,
1790,
1791,
1792,
1793,
1794,
1795,
1796,
1797,
1798,
1799,
1800,
1801,
1802,
1803,
1804,
1805,
1806,
1807,
1808,
1809,
1810,
1811,
1812,
1813,
1814,
1815,
1816,
1817,
1818,
1819,
1820,
1821,
1822,
1823,
1824,
1825,
1826,
1827,
1828,
1829,
1830,
1831,
1832,
1833,
1834,
1835,
1836,
1837,
1838,
1839,
1840,
1841,
1842,
1843,
1844,
1845,
1846,
1847,
1848,
1849,
1850,
1851,
1852,
1853,
1854,
1855,
1856,
1857,
1858,
1859,
1860,
1861,
1862,
1863,
1864,
1865,
1866,
1867,
1868,
1869,
1870,
1871,
1872,
1873,
1874,
1875,
1876,
1877,
1878,
1879,
1880,
1881,
1882,
1883,
1884,
1885,
1886,
1887,
1888,
1889,
1890,
1891,
1892,
1893,
1894,
1895,
1896,
1897,
1898,
1899,
1900,
1901,
1902,
1903,
1904,
1905,
1906,
1907,
1908,
1909,
1910,
1911,
1912,
1913,
1914,
1915,
1916,
1917,
1918,
1919,
1920,
1921,
1922,
1923,
1924,
1925,
1926,
1927,
1928,
1929,
1930,
1931,
1932,
1933,
1934,
1935,
1936,
1937,
1938,
1939,
1940,
1941,
1942,
1943,
1944,
1945,
1946,
1947,
1948,
1949,
1950,
1951,
1952,
1953,
1954,
1955,
1956,
1957,
1958,
1959,
1960,
1961,
1962,
1963,
1964,
1965,
1966,
1967,
1968,
1969,
1970,
1971,
1972,
1973,
1974,
1975,
1976,
1977,
1978,
1979,
1980,
1981,
1982,
1983,
1984,
1985,
1986,
1987,
1988,
1989,
1990,
1991,
1992,
1993,
1994,
1995,
1996,
1997,
1998,
1999,
2000,
2001,
2002,
2003,
2004,
2005,
2006,
2007,
2008,
2009,
2010,
2011,
2012,
2013,
2014,
2015,
2016,
2017,
2018,
2019,
2020,
2021,
